Workbook

Sheet 목표
A1: 연도 | B1: 자산군 | C1: 약정 | D1: 집행 | E1: 회수 | F1: 순증
A2: 2021 | B2: 사모 | C2: 1300 | D2: 900 | E2: 120 | F2: =D2-E2
A3: 2021 | B3: 부동산 | C3: 500 | D3: 470 | E3: 40 | F3: =D3-E3
A4: 2021 | B4: 인프라 | C4: 400 | D4: 170 | E4: 20 | F4: =D4-E4
A5: 2022 | B5: 사모 | C5: 1500 | D5: 1100 | E5: 350 | F5: =D5-E5
A6: 2022 | B6: 부동산 | C6: 500 | D6: 430 | E6: 50 | F6: =D6-E6
A7: 2022 | B7: 인프라 | C7: 500 | D7: 230 | E7: 20 | F7: =D7-E7
A8: 2023 | B8: 사모 | C8: 1800 | D8: 1250 | E8: 600 | F8: =D8-E8
A9: 2023 | B9: 부동산 | C9: 600 | D9: 430 | E9: 100 | F9: =D9-E9
A10: 2023 | B10: 인프라 | C10: 600 | D10: 290 | E10: 30 | F10: =D10-E10
A11: 2024 | B11: 사모 | C11: 2000 | D11: 1500 | E11: 850 | F11: =D11-E11
A12: 2024 | B12: 부동산 | C12: 500 | D12: 450 | E12: 150 | F12: =D12-E12
A13: 2024 | B13: 인프라 | C13: 700 | D13: 350 | E13: 80 | F13: =D13-E13
... A19: 2026 | B19: 인프라 | C19: 900 | D19: 600 | E19: 250 | F19: =D19-E19

Sheet 연도합계
A1: 연도 | B1: 약정 | C1: 집행 | D1: 회수 | E1: 순증
A2: 2021 | B2: =SUMIFS(목표!C$2:C$19,목표!$A$2:$A$19,$A2) | C2: =SUMIFS(목표!D$2:D$19,목표!$A$2:$A$19,$A2) | D2: =SUMIFS(목표!E$2:E$19,목표!$A$2:$A$19,$A2) | E2: =SUMIFS(목표!F$2:F$19,목표!$A$2:$A$19,$A2)
A3: 2022 | B3: =SUMIFS(목표!C$2:C$19,목표!$A$2:$A$19,$A3) | C3: =SUMIFS(목표!D$2:D$19,목표!$A$2:$A$19,$A3) | D3: =SUMIFS(목표!E$2:E$19,목표!$A$2:$A$19,$A3) | E3: =SUMIFS(목표!F$2:F$19,목표!$A$2:$A$19,$A3)
A4: 2023 | B4: =SUMIFS(목표!C$2:C$19,목표!$A$2:$A$19,$A4) | C4: =SUMIFS(목표!D$2:D$19,목표!$A$2:$A$19,$A4) | D4: =SUMIFS(목표!E$2:E$19,목표!$A$2:$A$19,$A4) | E4: =SUMIFS(목표!F$2:F$19,목표!$A$2:$A$19,$A4)
A5: 2024 | B5: =SUMIFS(목표!C$2:C$19,목표!$A$2:$A$19,$A5) | C5: =SUMIFS(목표!D$2:D$19,목표!$A$2:$A$19,$A5) | D5: =SUMIFS(목표!E$2:E$19,목표!$A$2:$A$19,$A5) | E5: =SUMIFS(목표!F$2:F$19,목표!$A$2:$A$19,$A5)
A6: 2025 | B6: =SUMIFS(목표!C$2:C$19,목표!$A$2:$A$19,$A6) | C6: =SUMIFS(목표!D$2:D$19,목표!$A$2:$A$19,$A6) | D6: =SUMIFS(목표!E$2:E$19,목표!$A$2:$A$19,$A6) | E6: =SUMIFS(목표!F$2:F$19,목표!$A$2:$A$19,$A6)
A7: 2026 | B7: =SUMIFS(목표!C$2:C$19,목표!$A$2:$A$19,$A7) | C7: =SUMIFS(목표!D$2:D$19,목표!$A$2:$A$19,$A7) | D7: =SUMIFS(목표!E$2:E$19,목표!$A$2:$A$19,$A7) | E7: =SUMIFS(목표!F$2:F$19,목표!$A$2:$A$19,$A7)

Sheet 안내
A1: 대체투자 연도별 목표 입력 양식
A3: 1. '목표' 시트의 노란 칸(약정·집행·회수)에 연도·자산군별 목표를 억원 단위로 입력합니다.
A4: 2. 순증 열은 집행 − 회수 수식이므로 입력하지 않습니다.
A5: 3. 자산군은 사모 / 부동산 / 인프라 세 가지, 연도는 2021~2026입니다. 행을 늘리면 대시보드도 그대로 읽습니다.
A6: 4. '연도합계' 시트는 참고용 수식입니다.
A7: 5. 현재 들어 있는 숫자는 시연용 임의 값입니다 (출처: 없음, ALT_Manage 작업 중 작성). 내부 목표로 바꿔 주세요.
A8: 6. 대시보드는 이 파일을 pd.read_excel(sheet_name='목표') 로 읽습니다. 시트 이름과 열 이름을 바꾸지 마세요.
